Male,Asian,White,Black,top,right,bottom,left
0.0175584132900813,0.010000321746372168,0.5998376720903625,0.002300281728206656,46,145,136,56
