Male,Asian,White,Black,top,right,bottom,left
0.9757506519963902,0.01149475654085723,0.1801923228454664,0.025190692553457666,47,146,121,71
