Male,Asian,White,Black,top,right,bottom,left
0.07859166816199667,0.0017858634446389814,0.5600830419293363,0.023139345889332696,180,675,366,489
