Male,Asian,White,Black,top,right,bottom,left
0.05457330288499158,0.04862113807310741,0.03323176243872359,0.17262676744628463,112,587,379,319
