Male,Asian,White,Black,top,right,bottom,left
0.02170382762356373,0.043161176640352336,0.33759061337598123,0.00407523356681826,72,113,146,38
