Male,Asian,White,Black,top,right,bottom,left
0.940954337500098,0.01050498792750084,0.04755701192224837,0.05961384456547436,46,145,136,56
