Male,Asian,White,Black,top,right,bottom,left
0.496219624887,0.000496296274384,0.955557740398,0.00355620945753,253,476,408,322
0.790614969663,0.00118977951881,0.883543173446,0.00142122294367,266,712,489,489
0.987904871604,0.00830806886379,0.66091769873,0.0126717185219,8,700,116,593
0.0523196105443,0.00181323234415,0.991634816814,0.00418040541374,98,253,253,98
0.996974670589,0.154135872473,0.654120630584,0.00433262268763,80,552,155,478
0.0343748966439,0.000486700385459,0.97187466313,0.0100306338331,68,450,175,342
0.841311901883,0.00625507508444,0.0092942833089,0.950068156398,167,889,322,734
0.0697087502311,0.0322093735208,0.835376653986,0.00395617730862,211,354,340,225
