Male,Asian,White,Black,top,right,bottom,left
0.45300112695161293,0.0007471243298782615,0.9395467998424404,0.00383975084688576,253,476,408,322
0.9213780278392651,0.0005344831249621626,0.9251556277990053,0.00305726152989413,266,712,489,489
0.9924628727064752,0.0051330139188705695,0.7984656310629008,0.010296602361947248,8,700,116,593
0.09039991405743085,0.0036030814251980328,0.9914338486826715,0.0062067396199109144,98,253,253,98
0.9926451417311153,0.19535459662691973,0.5246624458130558,0.009774242905097947,80,552,155,478
0.06947290643826759,0.000501758949842259,0.9840272786230072,0.012540044687704501,68,450,175,342
0.943438189996327,0.014866917979603739,0.015640713677949492,0.9561686793159581,167,889,322,734
0.03731122830422715,0.03056707178536098,0.8219197027687738,0.012322636886837495,211,354,340,225
