Male,Asian,White,Black,top,right,bottom,left
0.9556656012326998,0.006106589404316859,0.025812006756401506,0.12768946643682508,30,218,184,64
