Male,Asian,White,Black,top,right,bottom,left
0.04009094705871369,0.01602689558095356,0.1662651001832673,0.03206754152056703,247,718,632,332
