Male,Asian,White,Black,top,right,bottom,left
0.9827714272928129,0.008948662269154353,0.022262767932774874,0.23427430281986034,46,631,89,588
0.9928146130190881,0.0018089411540054058,0.1267073468631582,0.4578517420931238,162,241,198,205
0.7762778300402674,0.03200660077494586,0.012804026926274149,0.5712211233474588,41,549,84,506
0.9905140814832649,0.0011844602149438338,0.9878659412281937,0.0011872089727455255,118,345,154,309
0.9884089438466105,0.008676553256581477,0.025257023550019832,0.5365440736801048,126,465,162,429
0.9642321528733584,0.09951436914548187,0.014384775293414852,0.8005668039923372,122,419,166,376
0.8995969801388367,0.0024382157929585097,0.8064765975346994,0.009619057815928556,190,193,226,157
0.9676637826600872,0.12466414893853436,0.03095705150101612,0.44285587275167804,132,295,175,252
0.9580069945021675,0.00884071830402835,0.023679384407536648,0.7688975684915821,198,165,234,129
