Male,Asian,White,Black,top,right,bottom,left
0.973383453926,0.00503825994765,0.0113122044742,0.323637319371,46,631,89,588
0.995969860839,0.00250555511796,0.0859867659941,0.259858289849,162,241,198,205
0.555125699179,0.0114263051607,0.0277263864279,0.61509014849,41,549,84,506
0.977897011745,0.000860516113168,0.977439934318,0.0023277271607,118,345,154,309
0.995766080342,0.00894815760166,0.0756499524524,0.355224308098,126,465,162,429
0.994738004751,0.1128249425,0.00383134027073,0.7598551515,122,419,166,376
0.971790943246,0.00136675007465,0.951072084387,0.00367901717666,190,193,226,157
0.98087782428,0.106244043,0.0522892644937,0.304065268204,138,293,174,257
0.971022192036,0.0160622649548,0.0115552893626,0.717731210679,198,165,234,129
