Male,Asian,White,Black,top,right,bottom,left
0.9958315124969584,0.02208904282471852,0.7762532334301663,0.00037075742044785913,112,468,379,200
