Male,Asian,White,Black,top,right,bottom,left
0.9928040079100158,0.07060493330005434,0.7903665610544951,0.0030830009451889963,268,78,320,26
0.9656325223126861,0.0018908702448278227,0.9136230493441942,0.02391459521838822,239,432,301,370
0.979186327337336,0.004948658328696678,0.6971929215940881,0.013169795573149127,214,199,257,156
0.932976248792728,0.0020133543561660344,0.7238667944315568,0.025370912775359626,213,619,287,544
0.9663649381179484,0.016447261135458347,0.005725660399280028,0.7628261172964038,280,325,331,273
0.9898037661508635,0.03542799746958912,0.9495442270975866,0.0015663871144569908,247,275,290,232
