Male,Asian,White,Black,top,right,bottom,left
0.982927792506,0.0122428723839,0.847162694317,0.00595116370145,268,78,320,26
0.982895287549,0.00188885052566,0.833241638271,0.0277707381781,239,432,301,370
0.951751120238,0.00231016718606,0.744859479319,0.0154583682342,214,199,257,156
0.975612172588,0.00237057061865,0.573355317981,0.101040678784,213,619,287,544
0.962701973638,0.0251123480445,0.00239203917578,0.766652793403,280,325,331,273
0.960224869821,0.0101253728472,0.95944208096,0.0028396659343,247,275,290,232
