Male,Asian,White,Black,top,right,bottom,left
0.00330609584058,0.00276849608637,0.895795014084,0.005209232199,375,116,464,26
0.0625175116435,0.264552234081,0.701729072098,0.00149893843312,450,378,558,270
0.972090117709,0.00217384799437,0.787515576041,0.0101867754189,235,987,343,880
0.829295963477,0.014010914336,0.353331042754,0.000775158172123,395,1101,484,1011
0.98531339542,0.00955856142855,0.773094833397,0.036597182502,311,726,440,597
