Male,Asian,White,Black,top,right,bottom,left
0.9856385349400854,0.01745234778251106,0.3209292352263517,0.03634963791823968,617,1788,1576,830
